[{"pk":1,"model":"contenttypes.contenttype","fields":{"model":"permission","name":"permission","app_label":"auth"}},{"pk":2,"model":"contenttypes.contenttype","fields":{"model":"group","name":"group","app_label":"auth"}},{"pk":3,"model":"contenttypes.contenttype","fields":{"model":"user","name":"user","app_label":"auth"}},{"pk":4,"model":"contenttypes.contenttype","fields":{"model":"contenttype","name":"content type","app_label":"contenttypes"}},{"pk":5,"model":"contenttypes.contenttype","fields":{"model":"session","name":"session","app_label":"sessions"}},{"pk":6,"model":"contenttypes.contenttype","fields":{"model":"site","name":"site","app_label":"sites"}},{"pk":7,"model":"contenttypes.contenttype","fields":{"model":"logentry","name":"log entry","app_label":"admin"}},{"pk":8,"model":"contenttypes.contenttype","fields":{"model":"migrationhistory","name":"migration history","app_label":"south"}},{"pk":9,"model":"contenttypes.contenttype","fields":{"model":"school","name":"school","app_label":"competencies"}},{"pk":10,"model":"contenttypes.contenttype","fields":{"model":"subjectarea","name":"subject area","app_label":"competencies"}},{"pk":11,"model":"contenttypes.contenttype","fields":{"model":"subdisciplinearea","name":"subdiscipline area","app_label":"competencies"}},{"pk":12,"model":"contenttypes.contenttype","fields":{"model":"competencyarea","name":"competency area","app_label":"competencies"}},{"pk":"i75zzmm4y8mgw90iietm3mggt442obv9","model":"sessions.session","fields":{"expire_date":"2013-05-12T14:47:49.919Z","session_data":"NjU5MjgzOTFkMGQzY2YxNzkxNzVkZmFmZTE0OWFkYTA5MTZmYmRlNDqAAn1xAShVEl9hdXRoX3VzZXJfYmFja2VuZHECVSlkamFuZ28uY29udHJpYi5hdXRoLmJhY2tlbmRzLk1vZGVsQmFja2VuZHEDVQ1fYXV0aF91c2VyX2lkcQRLAXUu"}},{"pk":1,"model":"sites.site","fields":{"domain":"example.com","name":"example.com"}},{"pk":1,"model":"south.migrationhistory","fields":{"applied":"2013-04-27T14:21:56.754Z","app_name":"competencies","migration":"0001_initial"}},{"pk":2,"model":"south.migrationhistory","fields":{"applied":"2013-04-27T14:21:56.820Z","app_name":"competencies","migration":"0002_auto__chg_field_competencyarea_subdiscipline_area"}},{"pk":3,"model":"south.migrationhistory","fields":{"applied":"2013-04-27T14:21:56.831Z","app_name":"competencies","migration":"0003_auto__add_pathway"}},{"pk":4,"model":"south.migrationhistory","fields":{"applied":"2013-04-27T14:21:56.842Z","app_name":"competencies","migration":"0004_auto"}},{"pk":5,"model":"south.migrationhistory","fields":{"applied":"2013-04-27T14:21:56.855Z","app_name":"competencies","migration":"0005_auto"}},{"pk":6,"model":"south.migrationhistory","fields":{"applied":"2013-04-27T14:21:56.875Z","app_name":"competencies","migration":"0006_auto"}},{"pk":7,"model":"south.migrationhistory","fields":{"applied":"2013-04-27T14:21:56.886Z","app_name":"competencies","migration":"0007_auto"}},{"pk":1,"model":"competencies.school","fields":{"name":"Sample High School"}},{"pk":1,"model":"competencies.subjectarea","fields":{"subject_area":"Science","school":1}},{"pk":3,"model":"competencies.subjectarea","fields":{"subject_area":"English","school":1}},{"pk":1,"model":"competencies.subdisciplinearea","fields":{"subject_area":1,"subdiscipline_area":"Physical Science"}},{"pk":6,"model":"competencies.subdisciplinearea","fields":{"subject_area":1,"subdiscipline_area":"Life Science"}},{"pk":7,"model":"competencies.subdisciplinearea","fields":{"subject_area":3,"subdiscipline_area":"Reading"}},{"pk":8,"model":"competencies.subdisciplinearea","fields":{"subject_area":3,"subdiscipline_area":"Writing"}},{"pk":1,"model":"competencies.competencyarea","fields":{"subject_area":1,"competency_area":"Motion and Forces","subdiscipline_area":1}},{"pk":2,"model":"competencies.competencyarea","fields":{"subject_area":1,"competency_area":"Scientific Thinking and Modeling","subdiscipline_area":null}},{"pk":3,"model":"competencies.competencyarea","fields":{"subject_area":3,"competency_area":"Reading for Literature","subdiscipline_area":7}},{"pk":4,"model":"competencies.competencyarea","fields":{"subject_area":3,"competency_area":"Reading for Information","subdiscipline_area":7}},{"pk":5,"model":"competencies.competencyarea","fields":{"subject_area":3,"competency_area":"The Writing Process","subdiscipline_area":8}},{"pk":6,"model":"competencies.competencyarea","fields":{"subject_area":1,"competency_area":"Structure of Matter","subdiscipline_area":1}},{"pk":7,"model":"competencies.competencyarea","fields":{"subject_area":1,"competency_area":"Earth Science","subdiscipline_area":1}},{"pk":8,"model":"competencies.competencyarea","fields":{"subject_area":1,"competency_area":"Experimental Design","subdiscipline_area":null}},{"pk":1,"model":"competencies.essentialunderstanding","fields":{"competency_area":1,"essential_understanding":"The motion of everyday objects is governed by Newton's three laws."}},{"pk":2,"model":"competencies.essentialunderstanding","fields":{"competency_area":3,"essential_understanding":"Reading literature involves identifying key ideas and details."}},{"pk":3,"model":"competencies.essentialunderstanding","fields":{"competency_area":3,"essential_understanding":"Understanding literature includes integration of knowledge and ideas."}},{"pk":4,"model":"competencies.essentialunderstanding","fields":{"competency_area":4,"essential_understanding":"Reading informational text involves identifying key ideas and details, and how they are connected."}},{"pk":5,"model":"competencies.essentialunderstanding","fields":{"competency_area":4,"essential_understanding":"Reading for information includes integration of knowledge and ideas."}},{"pk":6,"model":"competencies.essentialunderstanding","fields":{"competency_area":5,"essential_understanding":"Writing requires having something meaningful to write about, which usually involves some form of direct experience."}},{"pk":7,"model":"competencies.essentialunderstanding","fields":{"competency_area":5,"essential_understanding":"Writing involves a variety of pre-writing activities, which are used to organize the ideas and thoughts that will go into the written piece."}},{"pk":8,"model":"competencies.essentialunderstanding","fields":{"competency_area":5,"essential_understanding":"Writing involves creating a first draft, with the intention of numerous revisions at a later time."}},{"pk":9,"model":"competencies.essentialunderstanding","fields":{"competency_area":5,"essential_understanding":"Writing involves working through a series of revisions, and that identifying an appropriate \"good enough\" end point is an important part of this process."}},{"pk":10,"model":"competencies.essentialunderstanding","fields":{"competency_area":1,"essential_understanding":"The motion of objects moving at or near the speed of light is governed by the laws of simple relativity."}},{"pk":11,"model":"competencies.essentialunderstanding","fields":{"competency_area":7,"essential_understanding":"The Big Bang theory explains the overall development of the Universe over time."}},{"pk":12,"model":"competencies.essentialunderstanding","fields":{"competency_area":2,"essential_understanding":"A scientific theory is an idea that has been tested, through experimentation, to the point that we trust it to make useful predictions."}},{"pk":13,"model":"competencies.essentialunderstanding","fields":{"competency_area":2,"essential_understanding":"A hypothesis is an informed idea of what we believe will happen in a given situation, which can be tested by experiment."}},{"pk":1,"model":"competencies.learningtarget","fields":{"learning_target":"State Newton's First Law, and briefly describe the kinds of motion it applies to.","essential_understanding":1}},{"pk":2,"model":"competencies.learningtarget","fields":{"learning_target":"State Newton's Second Law, and briefly describe the kinds of motion it applies to.","essential_understanding":1}},{"pk":3,"model":"competencies.learningtarget","fields":{"learning_target":"Cite textual evidence to support analysis of what the text says explicitly.","essential_understanding":3}},{"pk":4,"model":"competencies.learningtarget","fields":{"learning_target":"Cite textual evidence to support analysis of inferences drawn from the text.","essential_understanding":3}},{"pk":5,"model":"competencies.learningtarget","fields":{"learning_target":"Determine a theme or central idea of a text.","essential_understanding":3}},{"pk":6,"model":"competencies.learningtarget","fields":{"learning_target":"Analyze in detail the development of a theme or central idea over the course of the entire text, including how it emerges and how it is shaped and refined by specific details.","essential_understanding":3}},{"pk":7,"model":"competencies.learningtarget","fields":{"learning_target":"Analyze various accounts of a subject, determining which details are emphasized in each account.","essential_understanding":5}},{"pk":8,"model":"competencies.learningtarget","fields":{"learning_target":"Identify the argument and specific claims in a text.","essential_understanding":5}},{"pk":9,"model":"competencies.learningtarget","fields":{"learning_target":"Evaluate the argument and specific claims in a text, assessing whether the reasoning is valid and the evidence is relevant and sufficient.","essential_understanding":5}},{"pk":10,"model":"competencies.learningtarget","fields":{"learning_target":"Identify false statements and fallacious reasoning.","essential_understanding":5}},{"pk":11,"model":"competencies.learningtarget","fields":{"learning_target":"Cite textual evidence to support analysis of what the text says explicitly.","essential_understanding":2}},{"pk":12,"model":"competencies.learningtarget","fields":{"learning_target":"Cite textual evidence to support inferences drawn from the text.","essential_understanding":2}},{"pk":13,"model":"competencies.learningtarget","fields":{"learning_target":"Provide an objective summary of the text.","essential_understanding":2}},{"pk":14,"model":"competencies.learningtarget","fields":{"learning_target":"Analyze how complex characters develop over the course of the text, including how they interact with other characters and advance the plot or develop the theme.","essential_understanding":2}},{"pk":15,"model":"competencies.learningtarget","fields":{"learning_target":"Identify prior experiences you have had, that could be explored through writing.","essential_understanding":6}},{"pk":16,"model":"competencies.learningtarget","fields":{"learning_target":"Engage in a shared experience with a group of people, and use that experience as a basis for writing a short piece.","essential_understanding":6}},{"pk":17,"model":"competencies.learningtarget","fields":{"learning_target":"Identify a range of experiences that can be used as a basis for writing.","essential_understanding":6}},{"pk":18,"model":"competencies.learningtarget","fields":{"learning_target":"State Newton's Third Law, and briefly describe the kinds of motion it applies to.","essential_understanding":1}},{"pk":19,"model":"competencies.learningtarget","fields":{"learning_target":"Describe the significance of the Lorentz factor in simple relativistic motion.","essential_understanding":10}},{"pk":20,"model":"competencies.learningtarget","fields":{"learning_target":"Describe the phenomenon of time dilation.","essential_understanding":10}},{"pk":21,"model":"competencies.learningtarget","fields":{"learning_target":"Describe the phenomenon of length contraction.","essential_understanding":10}},{"pk":22,"model":"competencies.learningtarget","fields":{"learning_target":"Describe physical evidence that has been gathered to support the theory of simple relativity.","essential_understanding":10}},{"pk":23,"model":"competencies.learningtarget","fields":{"learning_target":"State the scientific definition of the \"observable universe\".","essential_understanding":11}},{"pk":24,"model":"competencies.learningtarget","fields":{"learning_target":"Describe how the redshift of stars' light has led us to the Big Bang model of the Universe.","essential_understanding":11}},{"pk":25,"model":"competencies.learningtarget","fields":{"learning_target":"Describe the concept of inflation as it relates to the early expansion of the Universe.","essential_understanding":11}},{"pk":26,"model":"competencies.learningtarget","fields":{"learning_target":"Describe the overall timeline of the Universe, from the Big Bang to the present.","essential_understanding":11}},{"pk":27,"model":"competencies.learningtarget","fields":{"learning_target":"Understand that a theory can never be proven true, that we can only gather more and more evidence that a theory is correct.","essential_understanding":12}},{"pk":28,"model":"competencies.learningtarget","fields":{"learning_target":"Understand that a theory can be proven false, but is more likely to be refined than proven completely wrong.","essential_understanding":12}},{"pk":29,"model":"competencies.learningtarget","fields":{"learning_target":"Understand that the phrase \"just a theory\", when used to dismiss a scientific theory, may show a misunderstanding of the evidence that is required to develop a scientific theory.","essential_understanding":12}},{"pk":1,"model":"competencies.pathway","fields":{"school":1,"name":"Minimum High School Graduation Requirements","essential_understandings":[11,13,12,1,3,2,5,4,7,6,9,8],"competency_areas":[1,2,3,4,5,6,7,8],"subdiscipline_areas":[1,6,7,8],"learning_targets":[24,25,26,27,23,28,29,1,3,2,5,4,7,6,9,8,11,10,13,12,15,14,17,16,18],"subject_areas":[3,1]}},{"pk":2,"model":"competencies.pathway","fields":{"school":1,"name":"Physicist","essential_understandings":[8,9,6,7,4,5,1,12,13,10,11],"competency_areas":[1,2,4,5,6,7,8],"subdiscipline_areas":[1,7,8],"learning_targets":[24,10,26,27,15,21,17,23,19,18,16,22,29,1,2,25,7,8,9,20,28],"subject_areas":[1,3]}},{"pk":1,"model":"auth.permission","fields":{"codename":"add_permission","name":"Can add permission","content_type":1}},{"pk":2,"model":"auth.permission","fields":{"codename":"change_permission","name":"Can change permission","content_type":1}},{"pk":3,"model":"auth.permission","fields":{"codename":"delete_permission","name":"Can delete permission","content_type":1}},{"pk":4,"model":"auth.permission","fields":{"codename":"add_group","name":"Can add group","content_type":2}},{"pk":5,"model":"auth.permission","fields":{"codename":"change_group","name":"Can change group","content_type":2}},{"pk":6,"model":"auth.permission","fields":{"codename":"delete_group","name":"Can delete group","content_type":2}},{"pk":7,"model":"auth.permission","fields":{"codename":"add_user","name":"Can add user","content_type":3}},{"pk":8,"model":"auth.permission","fields":{"codename":"change_user","name":"Can change user","content_type":3}},{"pk":9,"model":"auth.permission","fields":{"codename":"delete_user","name":"Can delete user","content_type":3}},{"pk":10,"model":"auth.permission","fields":{"codename":"add_contenttype","name":"Can add content type","content_type":4}},{"pk":11,"model":"auth.permission","fields":{"codename":"change_contenttype","name":"Can change content type","content_type":4}},{"pk":12,"model":"auth.permission","fields":{"codename":"delete_contenttype","name":"Can delete content type","content_type":4}},{"pk":13,"model":"auth.permission","fields":{"codename":"add_session","name":"Can add session","content_type":5}},{"pk":14,"model":"auth.permission","fields":{"codename":"change_session","name":"Can change session","content_type":5}},{"pk":15,"model":"auth.permission","fields":{"codename":"delete_session","name":"Can delete session","content_type":5}},{"pk":16,"model":"auth.permission","fields":{"codename":"add_site","name":"Can add site","content_type":6}},{"pk":17,"model":"auth.permission","fields":{"codename":"change_site","name":"Can change site","content_type":6}},{"pk":18,"model":"auth.permission","fields":{"codename":"delete_site","name":"Can delete site","content_type":6}},{"pk":19,"model":"auth.permission","fields":{"codename":"add_logentry","name":"Can add log entry","content_type":7}},{"pk":20,"model":"auth.permission","fields":{"codename":"change_logentry","name":"Can change log entry","content_type":7}},{"pk":21,"model":"auth.permission","fields":{"codename":"delete_logentry","name":"Can delete log entry","content_type":7}},{"pk":22,"model":"auth.permission","fields":{"codename":"add_migrationhistory","name":"Can add migration history","content_type":8}},{"pk":23,"model":"auth.permission","fields":{"codename":"change_migrationhistory","name":"Can change migration history","content_type":8}},{"pk":24,"model":"auth.permission","fields":{"codename":"delete_migrationhistory","name":"Can delete migration history","content_type":8}},{"pk":25,"model":"auth.permission","fields":{"codename":"add_school","name":"Can add school","content_type":9}},{"pk":26,"model":"auth.permission","fields":{"codename":"change_school","name":"Can change school","content_type":9}},{"pk":27,"model":"auth.permission","fields":{"codename":"delete_school","name":"Can delete school","content_type":9}},{"pk":28,"model":"auth.permission","fields":{"codename":"add_subjectarea","name":"Can add subject area","content_type":10}},{"pk":29,"model":"auth.permission","fields":{"codename":"change_subjectarea","name":"Can change subject area","content_type":10}},{"pk":30,"model":"auth.permission","fields":{"codename":"delete_subjectarea","name":"Can delete subject area","content_type":10}},{"pk":31,"model":"auth.permission","fields":{"codename":"add_subdisciplinearea","name":"Can add subdiscipline area","content_type":11}},{"pk":32,"model":"auth.permission","fields":{"codename":"change_subdisciplinearea","name":"Can change subdiscipline area","content_type":11}},{"pk":33,"model":"auth.permission","fields":{"codename":"delete_subdisciplinearea","name":"Can delete subdiscipline area","content_type":11}},{"pk":34,"model":"auth.permission","fields":{"codename":"add_competencyarea","name":"Can add competency area","content_type":12}},{"pk":35,"model":"auth.permission","fields":{"codename":"change_competencyarea","name":"Can change competency area","content_type":12}},{"pk":36,"model":"auth.permission","fields":{"codename":"delete_competencyarea","name":"Can delete competency area","content_type":12}},{"pk":37,"model":"auth.permission","fields":{"codename":"add_essentialunderstanding","name":"Can add essential understanding","content_type":13}},{"pk":38,"model":"auth.permission","fields":{"codename":"change_essentialunderstanding","name":"Can change essential understanding","content_type":13}},{"pk":39,"model":"auth.permission","fields":{"codename":"delete_essentialunderstanding","name":"Can delete essential understanding","content_type":13}},{"pk":40,"model":"auth.permission","fields":{"codename":"add_learningtarget","name":"Can add learning target","content_type":14}},{"pk":41,"model":"auth.permission","fields":{"codename":"change_learningtarget","name":"Can change learning target","content_type":14}},{"pk":42,"model":"auth.permission","fields":{"codename":"delete_learningtarget","name":"Can delete learning target","content_type":14}},{"pk":43,"model":"auth.permission","fields":{"codename":"add_pathway","name":"Can add pathway","content_type":15}},{"pk":44,"model":"auth.permission","fields":{"codename":"change_pathway","name":"Can change pathway","content_type":15}},{"pk":45,"model":"auth.permission","fields":{"codename":"delete_pathway","name":"Can delete pathway","content_type":15}},{"pk":1,"model":"auth.user","fields":{"username":"opencompetencies_su","first_name":"","last_name":"","is_active":true,"is_superuser":true,"is_staff":true,"last_login":"2013-04-28T14:47:49.762Z","groups":[],"user_permissions":[],"password":"pbkdf2_sha256$10000$9wWntzpzUVhI$X8X9++f+1CWjD3grtmdUCS511aF5D2+GDLOjWt3NLSM=","email":"","date_joined":"2013-04-27T14:21:26.832Z"}},{"pk":1,"model":"admin.logentry","fields":{"action_flag":3,"action_time":"2013-04-28T14:48:01.208Z","object_repr":"Sitka High School","object_id":"2","change_message":"","user":1,"content_type":9}},{"pk":2,"model":"admin.logentry","fields":{"action_flag":3,"action_time":"2013-04-28T15:00:23.759Z","object_repr":"Social Studies","object_id":"2","change_message":"","user":1,"content_type":10}},{"pk":3,"model":"admin.logentry","fields":{"action_flag":2,"action_time":"2013-04-29T06:18:21.215Z","object_repr":"Sample High School","object_id":"1","change_message":"Changed name.","user":1,"content_type":9}}]
