[{"pk": 1, "model": "contenttypes.contenttype", "fields": {"model": "permission", "name": "permission", "app_label": "auth"}}, {"pk": 2, "model": "contenttypes.contenttype", "fields": {"model": "group", "name": "group", "app_label": "auth"}}, {"pk": 3, "model": "contenttypes.contenttype", "fields": {"model": "user", "name": "user", "app_label": "auth"}}, {"pk": 4, "model": "contenttypes.contenttype", "fields": {"model": "contenttype", "name": "content type", "app_label": "contenttypes"}}, {"pk": 5, "model": "contenttypes.contenttype", "fields": {"model": "session", "name": "session", "app_label": "sessions"}}, {"pk": 6, "model": "contenttypes.contenttype", "fields": {"model": "site", "name": "site", "app_label": "sites"}}, {"pk": 7, "model": "contenttypes.contenttype", "fields": {"model": "logentry", "name": "log entry", "app_label": "admin"}}, {"pk": 8, "model": "contenttypes.contenttype", "fields": {"model": "migrationhistory", "name": "migration history", "app_label": "south"}}, {"pk": 9, "model": "contenttypes.contenttype", "fields": {"model": "school", "name": "school", "app_label": "competencies"}}, {"pk": 10, "model": "contenttypes.contenttype", "fields": {"model": "subjectarea", "name": "subject area", "app_label": "competencies"}}, {"pk": 11, "model": "contenttypes.contenttype", "fields": {"model": "subdisciplinearea", "name": "subdiscipline area", "app_label": "competencies"}}, {"pk": 12, "model": "contenttypes.contenttype", "fields": {"model": "competencyarea", "name": "competency area", "app_label": "competencies"}}, {"pk": 13, "model": "contenttypes.contenttype", "fields": {"model": "level", "name": "level", "app_label": "competencies"}}, {"pk": 14, "model": "contenttypes.contenttype", "fields": {"model": "essentialunderstanding", "name": "essential understanding", "app_label": "competencies"}}, {"pk": 15, "model": "contenttypes.contenttype", "fields": {"model": "learningtarget", "name": "learning target", "app_label": "competencies"}}, {"pk": 16, "model": "contenttypes.contenttype", "fields": {"model": "pathway", "name": "pathway", "app_label": "competencies"}}, {"pk": "i75zzmm4y8mgw90iietm3mggt442obv9", "model": "sessions.session", "fields": {"expire_date": "2013-05-12T14:47:49.919Z", "session_data": "NjU5MjgzOTFkMGQzY2YxNzkxNzVkZmFmZTE0OWFkYTA5MTZmYmRlNDqAAn1xAShVEl9hdXRoX3VzZXJfYmFja2VuZHECVSlkamFuZ28uY29udHJpYi5hdXRoLmJhY2tlbmRzLk1vZGVsQmFja2VuZHEDVQ1fYXV0aF91c2VyX2lkcQRLAXUu"}}, {"pk": "j55v6l4vbdlzu7poyps7ynl1mp86jknw", "model": "sessions.session", "fields": {"expire_date": "2013-06-12T15:05:14.430Z", "session_data": "N2YzNzkxZWRhZWRkNjI3ZjBmYzg0Yjk1NDJmMTE0MTRhZTI5OWNhYzqAAn1xAShVEl9hdXRoX3VzZXJfYmFja2VuZHECVSlkamFuZ28uY29udHJpYi5hdXRoLmJhY2tlbmRzLk1vZGVsQmFja2VuZHEDVQ1fYXV0aF91c2VyX2lkcQRLAXUu"}}, {"pk": "mgtarwudruv8aobd1yyh8nw6x5w95ukj", "model": "sessions.session", "fields": {"expire_date": "2013-06-08T14:42:02.601Z", "session_data": "NjU5MjgzOTFkMGQzY2YxNzkxNzVkZmFmZTE0OWFkYTA5MTZmYmRlNDqAAn1xAShVEl9hdXRoX3VzZXJfYmFja2VuZHECVSlkamFuZ28uY29udHJpYi5hdXRoLmJhY2tlbmRzLk1vZGVsQmFja2VuZHEDVQ1fYXV0aF91c2VyX2lkcQRLAXUu"}}, {"pk": 1, "model": "sites.site", "fields": {"domain": "example.com", "name": "example.com"}}, {"pk": 1, "model": "south.migrationhistory", "fields": {"applied": "2013-04-27T14:21:56.754Z", "app_name": "competencies", "migration": "0001_initial"}}, {"pk": 2, "model": "south.migrationhistory", "fields": {"applied": "2013-04-27T14:21:56.820Z", "app_name": "competencies", "migration": "0002_auto__chg_field_competencyarea_subdiscipline_area"}}, {"pk": 3, "model": "south.migrationhistory", "fields": {"applied": "2013-04-27T14:21:56.831Z", "app_name": "competencies", "migration": "0003_auto__add_pathway"}}, {"pk": 4, "model": "south.migrationhistory", "fields": {"applied": "2013-04-27T14:21:56.842Z", "app_name": "competencies", "migration": "0004_auto"}}, {"pk": 5, "model": "south.migrationhistory", "fields": {"applied": "2013-04-27T14:21:56.855Z", "app_name": "competencies", "migration": "0005_auto"}}, {"pk": 6, "model": "south.migrationhistory", "fields": {"applied": "2013-04-27T14:21:56.875Z", "app_name": "competencies", "migration": "0006_auto"}}, {"pk": 7, "model": "south.migrationhistory", "fields": {"applied": "2013-04-27T14:21:56.886Z", "app_name": "competencies", "migration": "0007_auto"}}, {"pk": 8, "model": "south.migrationhistory", "fields": {"applied": "2013-05-25T14:38:43.426Z", "app_name": "competencies", "migration": "0008_auto__add_level"}}, {"pk": 9, "model": "south.migrationhistory", "fields": {"applied": "2013-05-27T15:02:27.724Z", "app_name": "competencies", "migration": "0009_auto__add_field_level__order"}}, {"pk": 10, "model": "south.migrationhistory", "fields": {"applied": "2013-05-28T13:06:10.698Z", "app_name": "competencies", "migration": "0010_auto__add_unique_level_competency_area_level_type"}}, {"pk": 12, "model": "south.migrationhistory", "fields": {"applied": "2013-06-01T13:36:35.265Z", "app_name": "competencies", "migration": "0011_auto__add_field_learningtarget__order"}}, {"pk": 13, "model": "south.migrationhistory", "fields": {"applied": "2013-06-01T15:30:54.336Z", "app_name": "competencies", "migration": "0012_auto__chg_field_learningtarget__order"}}, {"pk": 15, "model": "south.migrationhistory", "fields": {"applied": "2013-06-03T13:57:04.708Z", "app_name": "competencies", "migration": "0013_auto__add_field_essentialunderstanding__order"}}, {"pk": 16, "model": "south.migrationhistory", "fields": {"applied": "2013-06-03T14:24:13.369Z", "app_name": "competencies", "migration": "0013_auto__add_field_essentialunderstanding__order"}}, {"pk": 17, "model": "south.migrationhistory", "fields": {"applied": "2013-06-03T14:24:19.520Z", "app_name": "competencies", "migration": "0014_auto__chg_field_essentialunderstanding__order"}}, {"pk": 1, "model": "competencies.school", "fields": {"name": "Sample High School"}}, {"pk": 2, "model": "competencies.school", "fields": {"name": "Pacific High School"}}, {"pk": 1, "model": "competencies.subjectarea", "fields": {"subject_area": "Science", "school": 1}}, {"pk": 3, "model": "competencies.subjectarea", "fields": {"subject_area": "English", "school": 1}}, {"pk": 4, "model": "competencies.subjectarea", "fields": {"subject_area": "English & Language Arts", "school": 2}}, {"pk": 1, "model": "competencies.subdisciplinearea", "fields": {"subject_area": 1, "subdiscipline_area": "Physical Science"}}, {"pk": 6, "model": "competencies.subdisciplinearea", "fields": {"subject_area": 1, "subdiscipline_area": "Life Science"}}, {"pk": 7, "model": "competencies.subdisciplinearea", "fields": {"subject_area": 3, "subdiscipline_area": "Reading"}}, {"pk": 8, "model": "competencies.subdisciplinearea", "fields": {"subject_area": 3, "subdiscipline_area": "Writing"}}, {"pk": 9, "model": "competencies.subdisciplinearea", "fields": {"subject_area": 4, "subdiscipline_area": "Reading for Information"}}, {"pk": 10, "model": "competencies.subdisciplinearea", "fields": {"subject_area": 4, "subdiscipline_area": "Writing"}}, {"pk": 11, "model": "competencies.subdisciplinearea", "fields": {"subject_area": 4, "subdiscipline_area": "Reading for Literature"}}, {"pk": 1, "model": "competencies.competencyarea", "fields": {"subject_area": 1, "competency_area": "Motion and Forces", "subdiscipline_area": 1}}, {"pk": 2, "model": "competencies.competencyarea", "fields": {"subject_area": 1, "competency_area": "Scientific Thinking and Modeling", "subdiscipline_area": null}}, {"pk": 3, "model": "competencies.competencyarea", "fields": {"subject_area": 3, "competency_area": "Reading for Literature", "subdiscipline_area": 7}}, {"pk": 4, "model": "competencies.competencyarea", "fields": {"subject_area": 3, "competency_area": "Reading for Information", "subdiscipline_area": 7}}, {"pk": 5, "model": "competencies.competencyarea", "fields": {"subject_area": 3, "competency_area": "The Writing Process", "subdiscipline_area": 8}}, {"pk": 6, "model": "competencies.competencyarea", "fields": {"subject_area": 1, "competency_area": "Structure of Matter", "subdiscipline_area": 1}}, {"pk": 7, "model": "competencies.competencyarea", "fields": {"subject_area": 1, "competency_area": "Earth Science", "subdiscipline_area": 1}}, {"pk": 8, "model": "competencies.competencyarea", "fields": {"subject_area": 1, "competency_area": "Experimental Design", "subdiscipline_area": null}}, {"pk": 9, "model": "competencies.competencyarea", "fields": {"subject_area": 4, "competency_area": "Students can write a variety of types of text, for a variety of purposes.", "subdiscipline_area": 10}}, {"pk": 10, "model": "competencies.competencyarea", "fields": {"subject_area": 4, "competency_area": "Students follow an efficient and effective writing process, and share their final written products in a variety of ways.", "subdiscipline_area": 10}}, {"pk": 11, "model": "competencies.competencyarea", "fields": {"subject_area": 4, "competency_area": "Students use an effective research process to ensure they are basing their work on an accurate understanding of existing knowledge.", "subdiscipline_area": 10}}, {"pk": 13, "model": "competencies.competencyarea", "fields": {"subject_area": 4, "competency_area": "Students can identify and interpret key ideas and details in literature.", "subdiscipline_area": 11}}, {"pk": 14, "model": "competencies.competencyarea", "fields": {"subject_area": 4, "competency_area": "Craft and Structure", "subdiscipline_area": 11}}, {"pk": 15, "model": "competencies.competencyarea", "fields": {"subject_area": 4, "competency_area": "Integration of Knowledge and Ideas", "subdiscipline_area": 11}}, {"pk": 16, "model": "competencies.competencyarea", "fields": {"subject_area": 4, "competency_area": "Range of Reading and Level of Text Complexity", "subdiscipline_area": 11}}, {"pk": 3, "model": "competencies.level", "fields": {"_order": 0, "competency_area": 8, "level_type": "Apprentice", "level_description": "Given a step-by-step guide to completing an experiment, student can carry out the experiment under supervision."}}, {"pk": 4, "model": "competencies.level", "fields": {"_order": 1, "competency_area": 8, "level_type": "Technician", "level_description": "Given a hypothesis, a student can independently design an experiment to test the hypothesis."}}, {"pk": 9, "model": "competencies.level", "fields": {"_order": 1, "competency_area": 5, "level_type": "Technician", "level_description": "After completing a draft, student marks up the draft independently before submitting for peer or teacher feedback."}}, {"pk": 10, "model": "competencies.level", "fields": {"_order": 0, "competency_area": 5, "level_type": "Apprentice", "level_description": "After completing a draft, student submits draft to teacher for feedback. Teacher advises student what to look for in marking up the text. Student attempts to mark up their own text."}}, {"pk": 11, "model": "competencies.level", "fields": {"_order": 0, "competency_area": 9, "level_type": "Apprentice", "level_description": "Simple topics. Simple sources. Simple, direct connections. Guided through writing process."}}, {"pk": 12, "model": "competencies.level", "fields": {"_order": 1, "competency_area": 9, "level_type": "Technician", "level_description": "Appropriately complex topics. Complex connections. Raw sources."}}, {"pk": 1, "model": "competencies.essentialunderstanding", "fields": {"competency_area": 1, "_order": 0, "essential_understanding": "The motion of everyday objects is governed by Newton's three laws."}}, {"pk": 2, "model": "competencies.essentialunderstanding", "fields": {"competency_area": 3, "_order": 0, "essential_understanding": "Reading literature involves identifying key ideas and details."}}, {"pk": 3, "model": "competencies.essentialunderstanding", "fields": {"competency_area": 3, "_order": 0, "essential_understanding": "Understanding literature includes integration of knowledge and ideas."}}, {"pk": 4, "model": "competencies.essentialunderstanding", "fields": {"competency_area": 4, "_order": 0, "essential_understanding": "Reading informational text involves identifying key ideas and details, and how they are connected."}}, {"pk": 5, "model": "competencies.essentialunderstanding", "fields": {"competency_area": 4, "_order": 0, "essential_understanding": "Reading for information includes integration of knowledge and ideas."}}, {"pk": 6, "model": "competencies.essentialunderstanding", "fields": {"competency_area": 5, "_order": 0, "essential_understanding": "Writing requires having something meaningful to write about, which usually involves some form of direct experience."}}, {"pk": 7, "model": "competencies.essentialunderstanding", "fields": {"competency_area": 5, "_order": 0, "essential_understanding": "Writing involves a variety of pre-writing activities, which are used to organize the ideas and thoughts that will go into the written piece."}}, {"pk": 8, "model": "competencies.essentialunderstanding", "fields": {"competency_area": 5, "_order": 0, "essential_understanding": "Writing involves creating a first draft, with the intention of numerous revisions at a later time."}}, {"pk": 9, "model": "competencies.essentialunderstanding", "fields": {"competency_area": 5, "_order": 0, "essential_understanding": "Writing involves working through a series of revisions, and that identifying an appropriate \"good enough\" end point is an important part of this process."}}, {"pk": 10, "model": "competencies.essentialunderstanding", "fields": {"competency_area": 1, "_order": 1, "essential_understanding": "The motion of objects moving at or near the speed of light is governed by the laws of simple relativity."}}, {"pk": 11, "model": "competencies.essentialunderstanding", "fields": {"competency_area": 7, "_order": 0, "essential_understanding": "The Big Bang theory explains the overall development of the Universe over time."}}, {"pk": 12, "model": "competencies.essentialunderstanding", "fields": {"competency_area": 2, "_order": 0, "essential_understanding": "A scientific theory is an idea that has been tested, through experimentation, to the point that we trust it to make useful predictions."}}, {"pk": 13, "model": "competencies.essentialunderstanding", "fields": {"competency_area": 2, "_order": 1, "essential_understanding": "A hypothesis is an informed idea of what we believe will happen in a given situation, which can be tested by experiment."}}, {"pk": 14, "model": "competencies.essentialunderstanding", "fields": {"competency_area": 9, "_order": 0, "essential_understanding": "Argumentative Writing - Students understand that strong argumentative writing requires us to analyze significant topics and texts. We also need to use valid reasoning, and cite an appropriate amount of relevant evidence."}}, {"pk": 15, "model": "competencies.essentialunderstanding", "fields": {"competency_area": 9, "_order": 0, "essential_understanding": "Informative/ Explanatory Writing - Students understand that strong informative or explanatory writing requires us to effectively select, organize, and analyze meaningful information."}}, {"pk": 16, "model": "competencies.essentialunderstanding", "fields": {"competency_area": 9, "_order": 0, "essential_understanding": "Narrative Writing - Students understand that strong narrative writing requires us to use effective writing techniques, well-chosen details, and well-structured sequences of events. Students recognize that strong narrative writing can be about real or imagined experiences."}}, {"pk": 17, "model": "competencies.essentialunderstanding", "fields": {"competency_area": 10, "_order": 0, "essential_understanding": "Students understand that clear and coherent writing involves a specific task, purpose, and audience."}}, {"pk": 18, "model": "competencies.essentialunderstanding", "fields": {"competency_area": 10, "_order": 0, "essential_understanding": "Students understand that clear and coherent writing also involves appropriate development, organization, and style."}}, {"pk": 19, "model": "competencies.essentialunderstanding", "fields": {"competency_area": 10, "_order": 0, "essential_understanding": "Students understand that following a clear process of planning, revising, editing, and rewriting are essential to good writing."}}, {"pk": 20, "model": "competencies.essentialunderstanding", "fields": {"competency_area": 10, "_order": 0, "essential_understanding": "Students understand that appropriate use of technology can make it easier to produce, publish, and update individual and shared written products. Students take advantage of the strengths of different presentation formats to display information flexibly and dynamically."}}, {"pk": 21, "model": "competencies.essentialunderstanding", "fields": {"competency_area": 13, "_order": 0, "essential_understanding": "Students understand that citing textual evidence supports analysis of what the text says explicitly, as well as inferences drawn from the text. [Levels - strong and thorough textual evidence]"}}, {"pk": 22, "model": "competencies.essentialunderstanding", "fields": {"competency_area": 13, "_order": 0, "essential_understanding": "Determine a theme or central idea of a text and analyze in detail its development over the course of the text, including how it emerges and is shaped and refined by specific details; provide an objective summary of the text."}}, {"pk": 23, "model": "competencies.essentialunderstanding", "fields": {"competency_area": 13, "_order": 0, "essential_understanding": "Analyze how complex characters (e.g., those with multiple or conflicting motivations) develop over the course of a text, interact with other characters, and advance the plot or develop the theme."}}, {"pk": 1, "model": "competencies.learningtarget", "fields": {"learning_target": "State Newton's First Law, and briefly describe the kinds of motion it applies to.", "_order": 0, "essential_understanding": 1}}, {"pk": 2, "model": "competencies.learningtarget", "fields": {"learning_target": "State Newton's Second Law, and briefly describe the kinds of motion it applies to.", "_order": 1, "essential_understanding": 1}}, {"pk": 3, "model": "competencies.learningtarget", "fields": {"learning_target": "Cite textual evidence to support analysis of what the text says explicitly.", "_order": 0, "essential_understanding": 3}}, {"pk": 4, "model": "competencies.learningtarget", "fields": {"learning_target": "Cite textual evidence to support analysis of inferences drawn from the text.", "_order": 0, "essential_understanding": 3}}, {"pk": 5, "model": "competencies.learningtarget", "fields": {"learning_target": "Determine a theme or central idea of a text.", "_order": 0, "essential_understanding": 3}}, {"pk": 6, "model": "competencies.learningtarget", "fields": {"learning_target": "Analyze in detail the development of a theme or central idea over the course of the entire text, including how it emerges and how it is shaped and refined by specific details.", "_order": 0, "essential_understanding": 3}}, {"pk": 7, "model": "competencies.learningtarget", "fields": {"learning_target": "Analyze various accounts of a subject, determining which details are emphasized in each account.", "_order": 0, "essential_understanding": 5}}, {"pk": 8, "model": "competencies.learningtarget", "fields": {"learning_target": "Identify the argument and specific claims in a text.", "_order": 0, "essential_understanding": 5}}, {"pk": 9, "model": "competencies.learningtarget", "fields": {"learning_target": "Evaluate the argument and specific claims in a text, assessing whether the reasoning is valid and the evidence is relevant and sufficient.", "_order": 0, "essential_understanding": 5}}, {"pk": 10, "model": "competencies.learningtarget", "fields": {"learning_target": "Identify false statements and fallacious reasoning.", "_order": 0, "essential_understanding": 5}}, {"pk": 11, "model": "competencies.learningtarget", "fields": {"learning_target": "Cite textual evidence to support analysis of what the text says explicitly.", "_order": 0, "essential_understanding": 2}}, {"pk": 12, "model": "competencies.learningtarget", "fields": {"learning_target": "Cite textual evidence to support inferences drawn from the text.", "_order": 0, "essential_understanding": 2}}, {"pk": 13, "model": "competencies.learningtarget", "fields": {"learning_target": "Provide an objective summary of the text.", "_order": 0, "essential_understanding": 2}}, {"pk": 14, "model": "competencies.learningtarget", "fields": {"learning_target": "Analyze how complex characters develop over the course of the text, including how they interact with other characters and advance the plot or develop the theme.", "_order": 0, "essential_understanding": 2}}, {"pk": 15, "model": "competencies.learningtarget", "fields": {"learning_target": "Identify prior experiences you have had, that could be explored through writing.", "_order": 0, "essential_understanding": 6}}, {"pk": 16, "model": "competencies.learningtarget", "fields": {"learning_target": "Engage in a shared experience with a group of people, and use that experience as a basis for writing a short piece.", "_order": 0, "essential_understanding": 6}}, {"pk": 17, "model": "competencies.learningtarget", "fields": {"learning_target": "Identify a range of experiences that can be used as a basis for writing.", "_order": 0, "essential_understanding": 6}}, {"pk": 18, "model": "competencies.learningtarget", "fields": {"learning_target": "State Newton's Third Law, and briefly describe the kinds of motion it applies to.", "_order": 2, "essential_understanding": 1}}, {"pk": 19, "model": "competencies.learningtarget", "fields": {"learning_target": "Describe the significance of the Lorentz factor in simple relativistic motion.", "_order": 0, "essential_understanding": 10}}, {"pk": 20, "model": "competencies.learningtarget", "fields": {"learning_target": "Describe the phenomenon of time dilation.", "_order": 0, "essential_understanding": 10}}, {"pk": 21, "model": "competencies.learningtarget", "fields": {"learning_target": "Describe the phenomenon of length contraction.", "_order": 0, "essential_understanding": 10}}, {"pk": 22, "model": "competencies.learningtarget", "fields": {"learning_target": "Describe physical evidence that has been gathered to support the theory of simple relativity.", "_order": 0, "essential_understanding": 10}}, {"pk": 23, "model": "competencies.learningtarget", "fields": {"learning_target": "State the scientific definition of the \"observable universe\".", "_order": 0, "essential_understanding": 11}}, {"pk": 24, "model": "competencies.learningtarget", "fields": {"learning_target": "Describe how the redshift of stars' light has led us to the Big Bang model of the Universe.", "_order": 0, "essential_understanding": 11}}, {"pk": 25, "model": "competencies.learningtarget", "fields": {"learning_target": "Describe the concept of inflation as it relates to the early expansion of the Universe.", "_order": 0, "essential_understanding": 11}}, {"pk": 26, "model": "competencies.learningtarget", "fields": {"learning_target": "Describe the overall timeline of the Universe, from the Big Bang to the present.", "_order": 0, "essential_understanding": 11}}, {"pk": 27, "model": "competencies.learningtarget", "fields": {"learning_target": "Understand that a theory can never be proven true, that we can only gather more and more evidence that a theory is correct.", "_order": 1, "essential_understanding": 12}}, {"pk": 28, "model": "competencies.learningtarget", "fields": {"learning_target": "Understand that a theory can be proven false, but is more likely to be refined than proven completely wrong.", "_order": 2, "essential_understanding": 12}}, {"pk": 29, "model": "competencies.learningtarget", "fields": {"learning_target": "Understand that the phrase \"just a theory\", when used to dismiss a scientific theory, may show a misunderstanding of the evidence that is required to develop a scientific theory.", "_order": 0, "essential_understanding": 12}}, {"pk": 30, "model": "competencies.learningtarget", "fields": {"learning_target": "Make precise claims.", "_order": 0, "essential_understanding": 14}}, {"pk": 31, "model": "competencies.learningtarget", "fields": {"learning_target": "Distinguish a claim from alternate or opposing claims.", "_order": 0, "essential_understanding": 14}}, {"pk": 32, "model": "competencies.learningtarget", "fields": {"learning_target": "Create clear relationships among claims, counterclaims, reasons, and evidence.", "_order": 0, "essential_understanding": 14}}, {"pk": 33, "model": "competencies.learningtarget", "fields": {"learning_target": "Identify important passages in the text.", "_order": 0, "essential_understanding": 21}}, {"pk": 34, "model": "competencies.learningtarget", "fields": {"learning_target": "Accurately summarize what the text says explicitly.", "_order": 0, "essential_understanding": 21}}, {"pk": 35, "model": "competencies.learningtarget", "fields": {"learning_target": "State inferences that can be drawn from the text.", "_order": 0, "essential_understanding": 21}}, {"pk": 36, "model": "competencies.learningtarget", "fields": {"learning_target": "Identify what the text leaves open for interpretation.", "_order": 0, "essential_understanding": 21}}, {"pk": 37, "model": "competencies.learningtarget", "fields": {"learning_target": "Develop claims and counterclaims fully supplying specific evidence for each.", "_order": 0, "essential_understanding": 14}}, {"pk": 38, "model": "competencies.learningtarget", "fields": {"learning_target": "Establish and maintain a formal style and objective tone, while following the conventions of the discipline in which you are writing.", "_order": 0, "essential_understanding": 14}}, {"pk": 39, "model": "competencies.learningtarget", "fields": {"learning_target": "Provide a concluding statement or section that follows from and supports the argument presented.", "_order": 0, "essential_understanding": 14}}, {"pk": 40, "model": "competencies.learningtarget", "fields": {"learning_target": "Critique claims and counterclaims, identifying the strengths and limitations of each.", "_order": 0, "essential_understanding": 14}}, {"pk": 1, "model": "competencies.pathway", "fields": {"school": 1, "name": "Minimum High School Graduation Requirements", "essential_understandings": [2, 3, 4, 5, 6, 7, 8, 9, 11, 1, 12, 13], "competency_areas": [1, 2, 3, 4, 5, 6, 7, 8], "subdiscipline_areas": [1, 6, 7, 8], "learning_targets": [29, 24, 25, 26, 1, 3, 4, 5, 6, 7, 8, 9, 10, 11, 12, 13, 14, 15, 16, 17, 23, 2, 27, 18, 28], "subject_areas": [1, 3]}}, {"pk": 2, "model": "competencies.pathway", "fields": {"school": 1, "name": "Physicist", "essential_understandings": [4, 5, 6, 7, 8, 9, 11, 1, 12, 13, 10], "competency_areas": [1, 2, 4, 5, 6, 7, 8], "subdiscipline_areas": [1, 7, 8], "learning_targets": [29, 24, 25, 26, 1, 7, 8, 9, 10, 15, 16, 17, 19, 20, 21, 22, 23, 2, 27, 28, 18], "subject_areas": [1, 3]}}, {"pk": 1, "model": "auth.permission", "fields": {"codename": "add_permission", "name": "Can add permission", "content_type": 1}}, {"pk": 2, "model": "auth.permission", "fields": {"codename": "change_permission", "name": "Can change permission", "content_type": 1}}, {"pk": 3, "model": "auth.permission", "fields": {"codename": "delete_permission", "name": "Can delete permission", "content_type": 1}}, {"pk": 4, "model": "auth.permission", "fields": {"codename": "add_group", "name": "Can add group", "content_type": 2}}, {"pk": 5, "model": "auth.permission", "fields": {"codename": "change_group", "name": "Can change group", "content_type": 2}}, {"pk": 6, "model": "auth.permission", "fields": {"codename": "delete_group", "name": "Can delete group", "content_type": 2}}, {"pk": 7, "model": "auth.permission", "fields": {"codename": "add_user", "name": "Can add user", "content_type": 3}}, {"pk": 8, "model": "auth.permission", "fields": {"codename": "change_user", "name": "Can change user", "content_type": 3}}, {"pk": 9, "model": "auth.permission", "fields": {"codename": "delete_user", "name": "Can delete user", "content_type": 3}}, {"pk": 10, "model": "auth.permission", "fields": {"codename": "add_contenttype", "name": "Can add content type", "content_type": 4}}, {"pk": 11, "model": "auth.permission", "fields": {"codename": "change_contenttype", "name": "Can change content type", "content_type": 4}}, {"pk": 12, "model": "auth.permission", "fields": {"codename": "delete_contenttype", "name": "Can delete content type", "content_type": 4}}, {"pk": 13, "model": "auth.permission", "fields": {"codename": "add_session", "name": "Can add session", "content_type": 5}}, {"pk": 14, "model": "auth.permission", "fields": {"codename": "change_session", "name": "Can change session", "content_type": 5}}, {"pk": 15, "model": "auth.permission", "fields": {"codename": "delete_session", "name": "Can delete session", "content_type": 5}}, {"pk": 16, "model": "auth.permission", "fields": {"codename": "add_site", "name": "Can add site", "content_type": 6}}, {"pk": 17, "model": "auth.permission", "fields": {"codename": "change_site", "name": "Can change site", "content_type": 6}}, {"pk": 18, "model": "auth.permission", "fields": {"codename": "delete_site", "name": "Can delete site", "content_type": 6}}, {"pk": 19, "model": "auth.permission", "fields": {"codename": "add_logentry", "name": "Can add log entry", "content_type": 7}}, {"pk": 20, "model": "auth.permission", "fields": {"codename": "change_logentry", "name": "Can change log entry", "content_type": 7}}, {"pk": 21, "model": "auth.permission", "fields": {"codename": "delete_logentry", "name": "Can delete log entry", "content_type": 7}}, {"pk": 22, "model": "auth.permission", "fields": {"codename": "add_migrationhistory", "name": "Can add migration history", "content_type": 8}}, {"pk": 23, "model": "auth.permission", "fields": {"codename": "change_migrationhistory", "name": "Can change migration history", "content_type": 8}}, {"pk": 24, "model": "auth.permission", "fields": {"codename": "delete_migrationhistory", "name": "Can delete migration history", "content_type": 8}}, {"pk": 25, "model": "auth.permission", "fields": {"codename": "add_school", "name": "Can add school", "content_type": 9}}, {"pk": 26, "model": "auth.permission", "fields": {"codename": "change_school", "name": "Can change school", "content_type": 9}}, {"pk": 27, "model": "auth.permission", "fields": {"codename": "delete_school", "name": "Can delete school", "content_type": 9}}, {"pk": 28, "model": "auth.permission", "fields": {"codename": "add_subjectarea", "name": "Can add subject area", "content_type": 10}}, {"pk": 29, "model": "auth.permission", "fields": {"codename": "change_subjectarea", "name": "Can change subject area", "content_type": 10}}, {"pk": 30, "model": "auth.permission", "fields": {"codename": "delete_subjectarea", "name": "Can delete subject area", "content_type": 10}}, {"pk": 31, "model": "auth.permission", "fields": {"codename": "add_subdisciplinearea", "name": "Can add subdiscipline area", "content_type": 11}}, {"pk": 32, "model": "auth.permission", "fields": {"codename": "change_subdisciplinearea", "name": "Can change subdiscipline area", "content_type": 11}}, {"pk": 33, "model": "auth.permission", "fields": {"codename": "delete_subdisciplinearea", "name": "Can delete subdiscipline area", "content_type": 11}}, {"pk": 34, "model": "auth.permission", "fields": {"codename": "add_competencyarea", "name": "Can add competency area", "content_type": 12}}, {"pk": 35, "model": "auth.permission", "fields": {"codename": "change_competencyarea", "name": "Can change competency area", "content_type": 12}}, {"pk": 36, "model": "auth.permission", "fields": {"codename": "delete_competencyarea", "name": "Can delete competency area", "content_type": 12}}, {"pk": 37, "model": "auth.permission", "fields": {"codename": "add_essentialunderstanding", "name": "Can add essential understanding", "content_type": 13}}, {"pk": 38, "model": "auth.permission", "fields": {"codename": "change_essentialunderstanding", "name": "Can change essential understanding", "content_type": 13}}, {"pk": 39, "model": "auth.permission", "fields": {"codename": "delete_essentialunderstanding", "name": "Can delete essential understanding", "content_type": 13}}, {"pk": 40, "model": "auth.permission", "fields": {"codename": "add_learningtarget", "name": "Can add learning target", "content_type": 14}}, {"pk": 41, "model": "auth.permission", "fields": {"codename": "change_learningtarget", "name": "Can change learning target", "content_type": 14}}, {"pk": 42, "model": "auth.permission", "fields": {"codename": "delete_learningtarget", "name": "Can delete learning target", "content_type": 14}}, {"pk": 43, "model": "auth.permission", "fields": {"codename": "add_pathway", "name": "Can add pathway", "content_type": 15}}, {"pk": 44, "model": "auth.permission", "fields": {"codename": "change_pathway", "name": "Can change pathway", "content_type": 15}}, {"pk": 45, "model": "auth.permission", "fields": {"codename": "delete_pathway", "name": "Can delete pathway", "content_type": 15}}, {"pk": 46, "model": "auth.permission", "fields": {"codename": "add_pathway", "name": "Can add pathway", "content_type": 16}}, {"pk": 47, "model": "auth.permission", "fields": {"codename": "change_pathway", "name": "Can change pathway", "content_type": 16}}, {"pk": 48, "model": "auth.permission", "fields": {"codename": "delete_pathway", "name": "Can delete pathway", "content_type": 16}}, {"pk": 49, "model": "auth.permission", "fields": {"codename": "add_level", "name": "Can add level", "content_type": 13}}, {"pk": 50, "model": "auth.permission", "fields": {"codename": "change_level", "name": "Can change level", "content_type": 13}}, {"pk": 51, "model": "auth.permission", "fields": {"codename": "delete_level", "name": "Can delete level", "content_type": 13}}, {"pk": 52, "model": "auth.permission", "fields": {"codename": "add_essentialunderstanding", "name": "Can add essential understanding", "content_type": 14}}, {"pk": 53, "model": "auth.permission", "fields": {"codename": "change_essentialunderstanding", "name": "Can change essential understanding", "content_type": 14}}, {"pk": 54, "model": "auth.permission", "fields": {"codename": "delete_essentialunderstanding", "name": "Can delete essential understanding", "content_type": 14}}, {"pk": 55, "model": "auth.permission", "fields": {"codename": "add_learningtarget", "name": "Can add learning target", "content_type": 15}}, {"pk": 56, "model": "auth.permission", "fields": {"codename": "change_learningtarget", "name": "Can change learning target", "content_type": 15}}, {"pk": 57, "model": "auth.permission", "fields": {"codename": "delete_learningtarget", "name": "Can delete learning target", "content_type": 15}}, {"pk": 1, "model": "auth.user", "fields": {"username": "opencompetencies_su", "first_name": "", "last_name": "", "is_active": true, "is_superuser": true, "is_staff": true, "last_login": "2013-05-29T15:05:14.419Z", "groups": [], "user_permissions": [], "password": "pbkdf2_sha256$10000$9wWntzpzUVhI$X8X9++f+1CWjD3grtmdUCS511aF5D2+GDLOjWt3NLSM=", "email": "", "date_joined": "2013-04-27T14:21:26.832Z"}}, {"pk": 1, "model": "admin.logentry", "fields": {"action_flag": 3, "action_time": "2013-04-28T14:48:01.208Z", "object_repr": "Sitka High School", "object_id": "2", "change_message": "", "user": 1, "content_type": 9}}, {"pk": 2, "model": "admin.logentry", "fields": {"action_flag": 3, "action_time": "2013-04-28T15:00:23.759Z", "object_repr": "Social Studies", "object_id": "2", "change_message": "", "user": 1, "content_type": 10}}, {"pk": 3, "model": "admin.logentry", "fields": {"action_flag": 2, "action_time": "2013-04-29T06:18:21.215Z", "object_repr": "Sample High School", "object_id": "1", "change_message": "Changed name.", "user": 1, "content_type": 9}}, {"pk": 4, "model": "admin.logentry", "fields": {"action_flag": 2, "action_time": "2013-05-25T14:55:59.117Z", "object_repr": "Experimental Design", "object_id": "8", "change_message": "Added level \"Given a step-by-step guide to completing an experiment, student can carry out the experiment under supervision.\". Added level \"Given a hypothesis, a student can independently design an experiment to test the hypothesis.\".", "user": 1, "content_type": 12}}, {"pk": 5, "model": "admin.logentry", "fields": {"action_flag": 2, "action_time": "2013-05-27T15:04:08.199Z", "object_repr": "Experimental Design", "object_id": "8", "change_message": "Deleted level \"Given a step-by-step guide to completing an experiment, student can carry out the experiment under supervision.\". Deleted level \"Given a hypothesis, a student can independently design an experiment to test the hypothesis.\".", "user": 1, "content_type": 12}}, {"pk": 6, "model": "admin.logentry", "fields": {"action_flag": 2, "action_time": "2013-05-27T15:05:29.063Z", "object_repr": "Experimental Design", "object_id": "8", "change_message": "Added level \"Given a step-by-step guide to completing an experiment, student can carry out the experiment under supervision.\". Added level \"Given a hypothesis, a student can independently design an experiment to test the hypothesis.\".", "user": 1, "content_type": 12}}, {"pk": 7, "model": "admin.logentry", "fields": {"action_flag": 2, "action_time": "2013-05-28T13:38:06.432Z", "object_repr": "Scientific Thinking and Modeling", "object_id": "2", "change_message": "Deleted level \"Thinks apprenticely.\". Deleted level \"Thinks technically.\". Deleted level \"Thinks masterly.\".", "user": 1, "content_type": 12}}, {"pk": 8, "model": "admin.logentry", "fields": {"action_flag": 3, "action_time": "2013-05-29T15:05:34.065Z", "object_repr": "Students will be able to write informative texts.", "object_id": "12", "change_message": "", "user": 1, "content_type": 12}}]